pkid,url,song_id,title,artist,file_name,song_version,bpm
58af8017-b87f-439d-8a6d-0a4f4bf040d3,https://youtu.be/08WiUcJmnZc?si=gWh2giZZWKpTS9SV,1,Sweater Weather,The Neighbourhood,the_neighbourhood_sweater_weather.mp3,original,123.05
0308e29f-8e3b-4e54-9815-ef4c6e249da8,https://youtu.be/_uDpsS2Wgq8?si=lKubltIkOK6mzoAZ,1,Sweater Weather,Alessia Cara,alessia_cara_sweater_weather.mp3,cover,129.2
09b3d612-dab1-4e60-aa98-a27413a93ca7,https://youtu.be/-nYsM9sTqxo?si=70zRBG4AwY4vzWgb,1,Sweater Weather,Kina Grannis,kina_grannis_sweater_weather.mp3,cover,117.45
d8dfe16e-cd46-4b4d-a813-e68af0ed7ba3,https://youtu.be/UYCg6NBiXMI?si=usIz6Q0NotHzwNO1,2,Stitches,Shawn Mendes,shawn_mendes_stitches.mp3,original,152.0
e9e4c712-800e-419b-b4eb-7923b44b89a8,https://youtu.be/Jnm4UMEQFyc?si=S_iM98Vhz1Z5N_cU,2,Stitches,Conor Maynard,conor_maynard_stitches.mp3,cover,136.0
06b8fa69-58b9-49d7-9a11-500a44e49d28,https://youtu.be/XR1fjeF9Mw4?si=c84RbEKU2IaUOY6m,2,Stitches,Leroy Sanchez,leroy_sanchez_stitches.mp3,cover,143.55
1a0072a6-8dde-4e7f-9e5b-bf1125f38ffd,URL_NOT_FOUND,3,"Good Luck, Babe!",Chappell Roan,chappell_roan_good_luck_babe.mp3,original,FILE_NOT_FOUND
dfe6b951-1f6f-4961-8625-11a4b9386b59,URL_NOT_FOUND,3,"Good Luck, Babe!",Sabrina Carpenter,sabrina_carpenter_good_luck_babe.mp3,cover,FILE_NOT_FOUND
48de3f41-a3d1-40c0-9b39-79a17ab44a46,URL_NOT_FOUND,3,"Good Luck, Babe!",Mark Ambor,mark_ambor_good_luck_babe.mp3,cover,FILE_NOT_FOUND
4b541553-169e-40b4-a1f7-06ea3415e847,https://youtu.be/KZGWfHdfWQs?si=psvpUiwMXrho_Y1i,4,Sailor Song,Gigi Perez,gigi_perez_sailor_song.mp3,original,95.7
abcee7a2-6081-4d31-95f4-e9e98bde3781,https://youtu.be/dfgPvuNunAw?si=HXk3DkMF-1P7yViN,4,Sailor Song,Marianne Beaulieu,marianne_beaulieu_sailor_song.mp3,cover,103.36
df0f9177-5d23-47f7-8c13-0ec57f7de30b,https://youtu.be/CucJ-NmwNN0?si=GBS7HF-7DCa1-aVg,4,Sailor Song,Hannah Grae,hannah_grae_sailor_song.mp3,cover,99.38
0597710e-997e-4478-92e6-d6950a4925d2,https://youtu.be/SND2LY0s8FE?si=1-lnU3z1ZjL-FVPG,5,Take Me To Church,Hozier,hozier_take_me_to_church.mp3,original,129.2
976ae16a-d8d9-4d9a-bd37-3abc48462d70,https://youtu.be/fuBG_osuqy8?si=hOkWOL10C2wvwksM,5,Take Me To Church,Sofia Karlberg,sofia_karlberg_take_me_to_church.mp3,cover,123.05
fbcc30f7-6dfb-47b5-8dac-1fb2d6435f78,https://youtu.be/xKxsX9TCB_I?si=m_MVjp96SR50TAZe,5,Take Me To Church,Megan Davies,megan_davies__take_me_to_church.mp3,cover ,129.2
b9a13798-f081-4a64-ad18-70c8d6d8312c,https://youtu.be/PUL2mVdt3xo?si=VA2qspx9ulptFkDf,6,Do I Wanna Know?,Arctic Monkeys,arctic_monkeys_do_i_wanna_know.mp3,original,86.13
ba2b0769-342d-457b-afc6-354b99ce1f56,https://youtu.be/fuWq4RZnc6U?si=5CnOvNB5Ir5pMrht,6,Do I Wanna Know?,Hozier,hozier_do_i_wanna_know.mp3,cover,136.0
8eb3d82e-0d07-4ab9-9eaa-59ad5c0f8483,https://youtu.be/UdRAXWNvjzE?si=erLlGi4DX_fwHMn7,7,We Can’t Be Friends,Ariana Grande,ariana_grande_ we_cant_be_friends.mp3,original,117.45
2e536356-50f7-4e23-a366-5deebc38d74e,https://youtu.be/WyICBAsCxGc?si=Ip5uypxDhWBqy32W,7,We Can’t Be Friends,Matt Wilson,matt_wilson_we_cant_be_friends.mp3,cover,107.67
648868f9-3e66-4405-ac90-5119a5b79e3c,https://youtu.be/cSDsGJrEgvo?si=73OoeT1uPn5i9PTY,7,We Can’t Be Friends,Nica Tupas,nica_tupas_ we_cant_be_friends.mp3,cover,107.67
694a52a1-4955-445c-bfab-541b6c3e87b8,https://youtu.be/geKxhmZL8ao?si=pBwog4ram-YZkb40,8,Birds Of A Feather,Billie Eilish,billie_eilish_birds_of_a_feather.mp3,original,103.36
69039858-2c69-43f6-89a3-28b244a90d06,https://youtu.be/QoKAHc9Qv5M?si=SVo03pCn5YPz0bEU,8,Birds Of A Feather,Lazulitchi,lazulitchi_birds_of_a_feather.mp3,cover,99.38
28046b97-bd4d-4cd5-8ed2-35f224d6e442,https://youtu.be/8Al_3F0sh0s?si=vkQsXJkTJCa0G_oa,8,Birds Of A Feather,Kelly Clarkson,kelly_clarkson_birds_of_a_feather.mp3,cover,103.36
ed186e16-962a-4811-9b7c-b352510095db,https://youtu.be/X-yIEMduRXk?si=KEyTNltvWX6zUABo,9,Easy On Me,Adele,adele_easy_on_me.mp3,original,143.55
ad6e6305-720b-4ea0-ae67-5c95f94ab44d,https://youtu.be/uSIzm-XqP9Y?si=FUrg0eL_e1Z4wxk0,9,Easy On Me,Lloyiso,lloyiso_easy_on_me.mp3,cover,123.05
8f6127fb-f99b-418b-b28b-64add23b8f6c,https://youtu.be/WPy90tGjpT4?si=UsnsBeZUR0YQyIN-,9,Easy On Me,Will Gittens,will_gittens_easy_on_me.mp3,cover,129.2
b6e933e9-3252-45d4-b3aa-31ad840e8bc3,https://youtu.be/ECVA6FvhdEE?si=tgfIf94NmIlMXKlK,10,Nonsense,Sabrina Carpenter,sabrina_carpenter_nonsense.mp3,original,136.0
4c5e4a9c-d290-4f99-8639-5f4e03e63fd4,https://youtu.be/mnVlM4LdChU?si=692xZ6aqQMcmiCsC,10,Nonsense,Dixzie Cruel,dixzie_cruel_nonsense.mp3,cover,143.55
19ba84a2-1ecf-4d0c-979a-b2ddddbc22e9,https://youtu.be/3E1NN177H5o?si=DUkfXFZ75pCtZxte,10,Nonsense,Joseph Vincent,joseph_vincent_nonsene.mp3,cover,136.0
9461c657-add1-4fc7-b5ac-353de14c4143,https://youtu.be/pCSL48AI_Ms?si=eEqO3gpcXuD4fmM8,11,Halo,Beyonce,beyonce_halo.mp3,original,80.75
c063a4ac-e077-4fcd-b914-f65d277e58e0,https://youtu.be/BeMJoRppPDw?si=Ho39xdJMOZ00RoCn,11,Halo,Peter Katz,peter_katz_halo.mp3,cover,161.5
a17ddbdc-b940-4389-818c-f60f793e6f48,https://youtu.be/wda2qajOBi8?si=jKKRxLM9oiwRdx8J,11,Halo,Jasmine Thompson,jasmine_thompson_halo.mp3,cover,123.05
c4c062ea-7ea7-4460-b61d-da74d2413ebb,https://youtu.be/QMP-o8WXSPM?si=Lk2cRg3xz_3zrcGQ,12,Love On The Brain,Rihanna,rihanna_love_on_the_brain.mp3,original,172.27
2a040324-7686-47c4-afd5-eafcbd314227,https://youtu.be/f4W5heDO0fk?si=i1_EvEhybfydrcQy,12,Love On The Brain,Joseph Solomon,joseph_solomon_love_on_the_brain.mp3,cover,99.38
c1c10438-72a8-46d2-b0fe-ff29227ce78e,https://youtu.be/qmN2C0v6ivI?si=u-YULhpmo6FjTOCa,12,Love On The Brain,Audrey Mika,audrey_mika_love_on_the_brain.mp3,cover,172.27
e609952e-ba33-44d8-a8d8-d10909cbcfe7,https://youtu.be/ic8j13piAhQ?si=RPpPJpzOcGgROp88,13,Cruel Summer ,Taylor Swift,taylor_swift_cruel_summer.mp3,original,112.35
398918d5-6cfd-48e9-8eff-40f289df1549,https://youtu.be/m6XwKBMsZk0?si=jIumOd619bgjRs1o,13,Cruel Summer,Teddy Swims,teddy_swims_cruel_summer.mp3,cover,152.0
a6c5e896-f309-41b0-93da-f3f5ca119cb5,https://youtu.be/YnuZy7N-jP8?si=nkHUtPIhuqhRFkQD,13,Cruel Summer,Alec Chambers,alec_chambers_cruel_summer.mp3,cover,83.35
2a3db941-c0ae-4916-8257-9244394e0e5c,https://youtu.be/KWCBBjWqyEY?si=3-unNLbOioiymZqH,14,Coffee,Beabadoobee,beabadoobee_coffee.mp3,original,117.45
a355e7da-58c0-43af-952a-67851f431d55,https://youtu.be/1zSN_dzms2E?si=OlQa4fFsrtOm5wXx,14,Coffee,Emilee,emilee_coffee.mp3,cover,112.35
a8ae2618-4079-4559-b5ac-86caf81785f2,https://youtu.be/hKRD0w3UqBg?si=MT07igcF7iafwfwj,14,Coffee,Dustin Vuong,dustin_vuong_coffee.mp3,cover,117.45
2ca818b1-8053-4d21-8026-a757acea03a1,https://youtu.be/SLbSsv_2u4A?si=zAodlbeOvcwi16by,15,Creep,Radiohead,radiohead_creep.mp3,original,92.29
be16ef8d-6652-49df-a2b0-97a6fbf03065,https://youtu.be/9Qz3F5fGE7s?si=pEdlBEDMoFTkTTeT,15,Creep,Billie Eilish,billie_eilish_creep.mp3,cover,78.3
ff8306c4-b783-4aa2-823c-c35c66280860,https://youtu.be/dRIS77mu5xM?si=uuK92OW_9_I8xJ6q,15,Creep,IMY2,imy2_creep.mp3,cover,95.7
e86045bb-ffcc-4ed6-84e4-f8c529aeece6,https://youtu.be/vGJTaP6anOU?si=QmUnHm6VSSfPVne9,16,Can’t Help Falling In Love,Elvis Presley,elvis_presley_cant_help_falling_in_love.mp3,original,103.36
a167b3a9-8687-419e-8f46-b1b8cec890ad,https://youtu.be/jbLW2FtCliA?si=uwVlfpQVYf2ivSbh,16,Can’t Help Falling In Love,Alyssa Baker,alyssa_baker_cant_help_falling_in_love.mp3,cover,123.05
479c7c1a-15d7-4078-9233-1d1c8702e8f0,https://youtu.be/o3pdz3uEvRc?si=JeQZBuNZb0p33ssV,16,Can’t Help Falling In Love,Lucy Ellis,lucy_ellis_cant_help_falling_in_love.mp3,cover,107.67
c83e8c9f-185b-4410-9c37-3a8ec4c1bef0,https://youtu.be/nxfHXrzddMY?si=9rvD6dr43_gqXkME,17,I’m Yours,Jason Mraz,jason_mraz_im_yours.mp3,original,152.0
cb3f4309-ed23-4095-b199-1521bbd94321,https://youtu.be/dQz0U6LV-ME?si=9_CydH6FtsT5_7nn,17,I’m Yours,Alyssa Bernal,alyssa_bernal_im_yours.mp3,cover,64.6
7c0f4ef9-15b8-4ee8-85cf-8f1f83de93e0,https://youtu.be/VAmXnnXiwbM?si=LTBkB-Qhuibvt37X,17,I’m Yours,Hearts & Colors,hearts_&_colors_im_yours.mp3,cover,152.0
77bf1c50-e1d2-435d-8f36-c344d67a0131,https://youtu.be/Sv5yCzPCkv8?si=tS2SoQC6WsM6UUOp,18,Snooze,SZA,sza_snooze.mp3,original,143.55
227f829c-6ce0-4473-a5a2-d69d2870618b,https://youtu.be/elZPkEtlEb0?si=5exWphrw8l5KqIa3,18,Snooze,Celine Wanyi,celine_wanyi_snooze.mp3,cover,136.0
8cfb673a-44b5-42b1-ad1f-4377ccaa73fa,https://youtu.be/jCXVIlZ39x8?si=k-GyWlYY0BFKcA7n,18,Snooze,Noah Red,noah_red_snooze.mp3,cover,129.2
5374a67e-f949-45d3-8e39-206642574c29,https://youtu.be/L9HYJbe9Y18?si=mKqZfJgmEHDZ2Ipm,19,Bags,Clairo,clairo_bags.mp3,original,103.36
7583741e-3091-4b5b-a1b7-3d94e9daac37,https://youtu.be/7WyrPH0JJF0?si=C6lFTz33K2RQqTN5,19,Bags,Dominic Fike,dominic_fike_bags.mp3,cover,117.45
7966ea33-7cb3-4712-8918-ee5417c6934c,https://youtu.be/0Vn_Ff4aTdY?si=dRfnwAa3gcMazzTf,19,Bags,Rhianne,rhianne_bags.mp3,cover,99.38
20a90d75-4880-451d-8c1f-3742f4a4cf7d,https://youtu.be/Ar48yzjn1PE?si=JO4MdwqCSCiEEwzD,20,Sparks,Coldplay,coldplay_sparks.mp3,original,136.0
063c7c1c-a424-4fb0-aaa7-7482f812c4cf,https://youtu.be/R-PVXOHtd4w?si=TV_Plu8qOnmCga-f,20,Sparks,Connie Park,connie_park_sparks.mp3,cover,117.45
1d9f84ea-556e-4ac4-9229-f0f426622114,https://youtu.be/TIB2ANm9zBs?si=jTepUb3umHuMIwuV,20,Sparks,Forest Slater,forest_slater_sparks.mp3,cover,117.45
